Intersection,0U + 14S · W (s),0U + 14S · Q (vehicles / 500 s),2U + 12S · W (s),2U + 12S · Q (vehicles / 500 s),4U + 10S · W (s),4U + 10S · Q (vehicles / 500 s),6U + 8S · W (s),6U + 8S · Q (vehicles / 500 s),8U + 6S · W (s),8U + 6S · Q (vehicles / 500 s),10U + 4S · W (s),10U + 4S · Q (vehicles / 500 s)
1,5.27,391,0.46,359,0.74,365,0.77,364,0.75,365,0.75,364
2,3.07,194,4.83,190,4.94,191,8.46,190,0.23,212,0.69,206
3,7.26,464,3.89,430,5.26,419,6.11,398,5.57,408,6.9,378
4,0.95,56,2.55,64,2.46,63,0.67,64,0.06,65,1.32,67
5,9.74,515,10.64,493,8.93,435,8.4,419,8.83,437,10.98,405
6,5.10,88,4.5,86,4.3,87,4.29,87,0.08,99,0.11,106
7,12.89,488,13.87,490,16.08,431,16.81,419,15.76,432,18.37,420
8,7.62,198,6.79,182,6.8,187,7.32,188,3.8,184,4.18,179
9,1.91,190,2.05,190,2.04,190,2.03,192,2.11,190,2.06,190
10,0.28,39,0.39,45,0.36,43,0.38,42,0.4,43,0.01,44
11,17.83,144,16.51,137,16.26,144,17.11,141,17.47,139,17.24,139
12,0.79,112,0.77,113,0.82,118,0.82,118,1.13,119,0.13,126
13,4.19,221,4.88,229,4.99,233,4.98,230,5.23,233,5.57,235
14,9.49,354,8.01,357,8.14,359,8.29,358,8.28,364,8.32,361
Network,6.17,454,5.76,473,5.91,466,6.31,475,5.09,493,5.95,478
